id,price
1,57850.48
2,57082.07
3,22969.98
4,2286.95
5,6031.29
6,6178.22
7,3926.9255
8,13286.14
9,5110.38
10,20116.51
11,4649.83
12,4786.64
13,4376.88
14,57578.23
15,39736.67
16,56047.62
17,55794.69
18,6539.28
19,64332.55
20,6957.44
21,6087.21
22,58892.52666666667
23,46286.51
24,6435.31
25,5290.67
26,4190.43
27,6256.55
28,5616.5
29,3970.11
30,6227.59
31,7294.51
32,65865.35
33,60094.69
34,60626.79
35,9861.48
36,5744.27
37,5721.4
38,49338.71
39,5268.77
40,2757.19
41,9136.35
42,79603.24
43,5362.98
44,4031.78
45,12863.81
46,4080.12
47,5947.95
48,14229.02
49,63881.67
50,6350.86
51,5716.55
52,3444.34
53,6461.64
54,4530.85
55,7524.29
56,2833.86
57,4327.54
58,55096.18
59,3264.96
60,64079.74
61,10332.89
62,54520.9
63,6627.74
64,10569.83
65,55974.04
66,54351.61
67,45237.59
68,12267.87
69,41975.28
70,45327.46
71,5857.44
72,6028.24
73,10004.05
74,8713.44
75,12701.57
76,6605.35
77,6337.26
78,3024.98
79,63287.42
80,11768.38
81,5244.42
82,6289.53
83,6789.31
84,6143.15
85,33277.9
86,61290.56
87,4550.35
88,14204.34
89,60272.83
90,4166.93
91,5003.39
92,61558.06
93,52888.18
94,81730.33
95,54923.89
96,10704.67
97,5932.02
98,15168.45
99,5487.2
100,64888.68
101,5374.74
102,8010.12
103,8976.74
104,2591.92
105,6350.57
106,7482.99
107,51232.57
108,60208.53
109,50656.7
110,2728.14
111,51302.05
112,53245.33
113,9664.44
114,4557.41
115,3226.43
116,3514.86
117,6347.44
118,3690.28
119,6019.93
120,14868.33
121,55081.07
122,10836.14
123,7295.55
124,46406.85
125,5597.57
126,6651.0
127,7170.5
128,11088.17
129,66387.16
130,4255.54
131,6154.68
132,60527.09
133,5825.12
134,6179.81
135,3831.96
136,42912.91
137,4683.7
138,7764.17
139,4032.92
140,4819.16
141,3566.6
142,52511.26
143,6920.77
144,1714.62
145,54341.1
146,2834.54
147,5925.42
148,14829.16
149,5527.81
150,4995.22
151,7773.78
152,63795.56
153,7056.26
154,7086.45
155,60516.0
156,6476.77
157,7410.48
158,5768.1
159,6181.86
160,4288.6
161,54967.15
162,6494.25
163,69016.72
164,7651.0
165,57502.05
166,37616.87
167,60050.55
168,5237.38
169,11084.12
170,50261.77
171,2067.2
172,7574.38
173,53670.84
174,56406.0
175,5002.24
176,70482.42
177,3841.65
178,4105.48
179,5379.69
180,72410.96
181,28584.35
182,7424.66
183,11887.89
184,5462.17
185,24666.89
186,6632.34
187,8374.32
188,52736.04
189,13898.34
190,4971.03
191,56933.95
192,3407.83
193,57361.91
194,5371.14
195,4559.44
196,5530.79
197,2692.62
198,16333.83
199,12670.29
200,60337.34
201,70158.55
202,12193.31
203,4262.43
204,7731.39
205,59674.94
206,61474.23
207,4260.28
208,45447.17
209,49865.88
210,9079.66
211,57711.73
212,41231.96
213,4400.42
214,5869.05
215,6940.51
216,49614.35
217,5177.79
218,31991.82
219,7483.1525
220,3331.79
221,3404.95
222,4422.16
223,22169.92
224,53199.59
225,57507.98
226,12388.76
227,7439.19
228,10255.12
229,4081.95
230,60303.48
231,4679.03
232,6069.06
233,12868.3
234,11311.33
235,3652.4
236,7747.38
237,2928.66
238,4155.61
239,2430.59
240,9370.26
241,68572.55
242,49180.39
243,4054.02
244,62725.96
245,9500.7
246,50097.04
247,56480.92
248,5040.05
249,5175.71
250,62228.31
251,9215.01
252,5966.95
253,56226.39
254,11210.4
255,6094.56
256,70954.29
257,4615.94
258,2013.09
259,4953.13
260,60382.47
261,3791.14
262,8141.46
263,53819.04
264,4335.21
265,7841.7
266,1945.7
267,39477.05
268,49903.05
269,49554.77
270,8298.12
271,6443.45
272,7571.22
273,52247.77
274,31545.04
275,2319.83
276,8107.5
277,27202.27
278,7396.67
279,32808.58
280,6052.46
281,38599.88
282,5129.45
283,6689.34
284,6572.36
285,49255.87
286,7449.63
287,38777.76
288,4691.41
289,61629.34
290,1772.49
291,1773.64
292,6429.52
293,8574.14
294,6835.31
295,4394.39
296,3960.03
297,49744.2
298,12689.32
299,10561.56
300,5569.62
301,60571.21
302,2828.45
303,6971.33
304,11626.62
305,52354.9
306,6252.25
307,49747.94
308,5448.71
309,56752.01
310,13288.755
311,5096.04
312,54463.5
313,3643.17
314,2609.95
315,3864.74
316,35972.48333333334
317,3947.19
318,4780.29
319,8405.53
320,3580.33
321,4117.76
322,60393.68
323,5180.8
324,3486.62
325,6639.05
326,12237.17
327,6775.74
328,5404.46
329,5716.69
330,3538.27
331,12640.44
332,7694.04
333,63843.12
334,5713.94
335,7628.38
336,11763.85
337,4045.75
338,22124.6
339,13563.68
340,46968.45
341,50130.4
342,49410.6
343,3680.85
344,5880.04
345,14679.14
346,72964.71
347,3255.06
348,3535.92
349,6525.06
350,10636.6
351,3959.95
352,6107.71
353,4661.5
354,4148.28
355,4621.9
356,63033.18
357,48066.95
358,4906.03
359,4685.28
360,49195.24
361,56735.62
362,6637.01
363,51442.08
364,2493.43
365,61072.99
366,30532.45
367,3828.63
368,4915.3
369,5739.71
370,6583.06
371,7680.77
372,4083.11
373,6032.87
374,6819.96
375,11429.29
376,49720.95
377,5821.09
378,53898.58
379,4881.52
380,2134.6
381,63768.34
382,7101.27
383,6455.21
384,4270.7
385,7136.39
386,62718.88
387,62700.57
388,5039.45
389,51689.86
390,55989.66
391,55924.49
392,68722.18
393,5476.02
394,55700.84
395,72440.85
396,65310.79
397,57776.47
398,5299.15
399,6372.73
400,3512.07
401,6968.11
402,6746.65
403,6711.65
404,56400.49
405,50515.15
406,4566.35
407,5737.35
408,64254.0
409,5898.43
410,5096.37
411,5927.46
412,52825.1
413,6299.35
414,6086.42
415,5768.59
416,3424.53
417,28916.8
418,5480.26
419,52911.86
420,11417.36
421,4546.41
422,5120.3
423,4016.72
424,56250.24
425,15664.57
426,5081.54
427,3385.71
428,12699.15
429,2166.94
430,6363.03
431,50546.85
432,6195.85
433,6322.31
434,59808.46
435,2265.88
436,5578.08
437,13003.26
438,12545.94
439,6086.65
440,60218.47
441,9463.05
442,62748.54
443,5955.72
444,3693.98
445,4394.5
446,49699.77
447,53994.07
448,6946.04
449,3568.52
450,47921.43
451,50648.42
452,45909.58
453,5100.51
454,6184.77
455,5200.15
456,2483.86
457,50116.75
458,40700.86
459,11739.84
460,7127.16
461,4771.6
462,6127.47
463,4498.99
464,7154.72
465,1757.05
466,2167.57
467,7963.44
468,4729.07
469,5748.72
470,8730.29
471,10408.1
472,8283.35
473,4922.1
474,5971.42
475,5066.67
476,10939.39
477,11532.79
478,4557.99
479,13492.48
480,31121.22
481,4919.01
482,5577.67
483,2924.99
484,3243.02
485,10958.71
486,5978.21
487,62692.19
488,5323.12
489,48396.65
490,6914.46
491,51269.86
492,5675.3
493,54574.78
494,54615.0
495,5622.34
496,36021.35
497,5427.84
498,4598.68
499,56213.74
500,50526.35
501,4486.74
502,4408.4
503,59186.76
504,47526.17
505,44471.45
506,8702.05
507,6061.61
508,32814.44
509,2613.22
510,55766.55
511,6632.78
512,5702.21
513,38121.97
514,6357.54
515,70216.19
516,67182.12
517,4359.5
518,45843.8
519,5053.88
520,5858.18
521,70008.8
522,54608.0
523,4215.73
524,4738.47
525,7972.26
526,7407.31
527,6663.37
528,2834.39
529,6046.16
530,13364.36
531,52028.95
532,4018.12
533,56693.87
534,8752.54
535,11007.23
536,57436.86
537,56476.0
538,5271.28
539,4937.68
540,3814.93
541,6918.57
542,2785.93
543,10160.28
544,54033.4
545,71401.26
546,50491.59
547,3923.12
548,5324.82
549,59487.55
550,4778.51
551,56072.67
552,6033.55
553,6265.28
554,5183.27
555,6222.88
556,6039.13
557,57240.76
558,52724.54
559,5664.63
560,42448.61
561,44038.24
562,2805.15
563,5693.32
564,3415.62
565,4728.22
566,50341.57
567,12206.98
568,8598.85
569,7258.04
570,6478.25
571,5328.82
572,16600.28
573,14465.01
574,4127.16
575,47903.03
576,4771.14
577,52980.66
578,4476.67
579,49660.2
580,64834.36
581,43129.66
582,3614.86
583,2401.82
584,2273.95
585,6537.39
586,57355.85
587,12213.16
588,70014.98333333334
589,4525.73
590,3786.0
591,7883.01
592,64629.38
593,79003.16
594,5479.3
595,12476.05
596,74114.34
597,5696.64
598,5332.48
599,11654.38
600,38634.33
601,6815.61
602,5296.69
603,3861.99
604,7208.8
605,53389.32
606,6228.77
607,69068.99
608,35993.76
609,3709.85
610,5488.5
611,54744.13
612,4356.87
613,65333.12
614,7957.1125
615,6512.26
616,6398.32
617,4214.44
618,13892.22
619,61590.63
620,54974.83
621,62171.89
622,5517.79
623,6169.27
624,11050.61
625,4617.81
626,4779.33
627,45877.56
628,52512.5
629,5550.04
630,55757.69
631,5879.49
632,72718.34
633,5003.38
634,5622.47
635,4258.13
636,3546.57
637,7019.67
638,55681.43
639,2490.97
640,53239.46
641,39938.38
642,10125.93
643,4606.38
644,3964.34
645,4329.48
646,57552.54
647,70129.81
648,2815.8
649,11102.41
650,7766.84
651,50134.7
652,5860.77
653,67337.78
654,59979.89
655,6404.32
656,6715.02
657,2891.24
658,8994.68
659,55024.71
660,5981.08
661,5823.5
662,4930.89
663,3134.03
664,15454.43
665,5567.58
666,4322.37
667,13029.58
668,4989.31
669,4781.5
670,4225.53
671,55941.93
672,11442.53
673,5003.22
674,27987.2
675,58802.13
676,63497.02
677,34559.69
678,5004.37
679,14410.38
680,7666.47
681,5305.79
682,5079.12
683,7463.27
684,9470.05
685,6557.7
686,8480.42
687,12022.775
688,5564.845
689,4671.86
690,10079.63
691,4697.06
692,52626.05
693,7967.76
694,6946.46
695,6330.36
696,6285.6
697,6478.24
698,2600.02
699,9705.47
700,4781.87
701,64707.76
702,2452.55
703,3715.69
704,6057.64
705,51470.94
706,4529.19
707,50061.89
708,3812.57
709,3187.67
710,49483.55
711,11362.38
712,56528.23
713,35854.56
714,4448.43
715,53413.95
716,5612.42
717,7932.23
718,10453.3
719,31993.93
720,6444.3
721,60606.05
722,53972.07
723,53974.83
724,8741.15
725,42236.23
726,55921.01
727,6439.68
728,3284.04
729,7016.04
730,77125.66
731,27955.77
732,4984.68
733,6736.44
734,3840.17
735,54558.61
736,6119.56
737,3561.48
738,4251.04
739,57867.87
740,49344.73
741,55741.2
742,60870.01
743,4242.44
744,64789.8
745,11776.18
746,5738.29
747,56277.04
748,8048.66
749,56080.57
750,57774.16
751,5869.03
752,5300.18
753,6330.78
754,2725.85
755,5123.92
756,57513.94
757,45798.96
758,6441.22
759,54679.49
760,3891.92
761,7164.78
762,4558.13
763,8036.46
764,6514.95
765,56874.93
766,4808.36
767,72411.47
768,7738.67
769,4888.93
770,6551.79
771,4868.79
772,54836.35
773,76717.0
774,6209.73
775,4407.4415
776,49026.31
777,55437.5
778,4225.68
779,4231.81
780,2552.69
781,4944.8
782,43007.64
783,6149.87
784,22983.42
785,8360.46
786,6714.305
787,13484.48
788,3988.47
789,71433.64
790,17595.02
791,44340.35
792,40084.45
793,7613.07
794,31293.76
795,23992.02
796,63950.23
797,5272.51
798,6528.14
799,8432.43
800,1842.61
801,14634.18
802,6023.13
803,5807.76
804,52146.2
805,5841.72
806,24852.3
807,76612.36
808,13118.47
809,40149.45
810,9247.47
811,46126.65
812,6268.17
813,4886.01
814,57642.31
815,5805.48
816,8751.94
817,6412.58
818,5572.07
819,4378.62
820,51859.57
821,46748.02
822,3669.4
823,23921.28
824,48755.45
825,44971.83
826,5757.86
827,54990.54
828,3637.95
829,48983.68
830,7138.69
831,10590.0
832,4198.96
833,59324.84
834,63816.84
835,9629.3
836,4436.89
837,45944.44
838,13688.67
839,5383.89
840,11769.03
841,59856.98
842,52588.52
843,2896.02
844,23923.26
845,5988.13
846,68399.29
847,43730.93
848,9765.38
849,5430.68
850,14339.3
851,4300.74
852,7247.51
853,4522.87
854,46337.38
855,18676.7
856,4867.98
857,54684.0
858,6943.51
859,5982.52
860,8256.15
861,5012.9
862,3033.03
863,51183.69
864,6036.43
865,2637.77
866,12350.77
867,51893.06
868,2241.42
869,3894.61
870,67918.28
871,5112.79
872,18198.38
873,46057.71
874,6262.29
875,66298.77
876,5949.88
877,3397.7
878,49902.11
879,4441.48
880,66934.43
881,3852.43
882,4550.45
883,8666.13
884,4143.78
885,6626.66
886,5560.25
887,3997.5
888,51801.4
889,39579.87
890,2382.0
891,5050.54
892,2269.47
893,3178.18
894,63590.4
895,9048.24
896,57863.77
897,4557.96
898,51283.19
899,6523.49
900,5264.77
901,57031.85
902,42582.82
903,9728.8
904,4891.4
905,5687.07
906,7092.82
907,59571.04
908,62938.68
909,5632.25
910,6030.41
911,5126.31
912,4607.22
913,59669.41
914,4435.41
915,5755.25
916,52539.92
917,6422.4
918,32110.12
919,3297.54
920,13080.59
921,61040.92
922,10721.74
923,52882.71
924,5186.62
925,54366.17
926,4346.02
927,68278.31
928,5656.68
929,32115.02
930,13390.85
931,11184.12
932,3280.66
933,49945.95
934,7748.37
935,5268.92
936,3754.3
937,4949.08
938,47298.67
939,14609.26
940,5736.26
941,4738.04
942,63131.66
943,5839.59
944,4397.92
945,2507.68
946,10081.39
947,57769.74
948,2093.86
949,71859.45
950,58899.77
951,44030.22
952,54845.47
953,2502.98
954,12951.74
955,3689.4
956,47920.2
957,5614.94
958,8311.24
959,3516.49
960,69413.63
961,58367.11
962,5968.27
963,10959.98
964,4477.26
965,5596.82
966,5947.25
967,69233.84
968,10715.56
969,4526.26
970,3664.58
971,6810.36
972,64763.57
973,4299.38
974,49908.65
975,61039.6
976,58359.4
977,4999.95
978,67886.96
979,5684.48
980,6524.66
981,11168.63
982,56467.71
983,5881.45
984,5209.42
985,4848.44
986,6886.58
987,11869.47
988,6557.95
989,4153.75
990,6721.99
991,55495.57
992,59403.28
993,6898.41
994,53793.75
995,12846.5
996,3772.11
997,5085.34
998,7112.52
999,7969.41
1000,4200.01
1001,3437.02
1002,11131.7
1003,58919.17
1004,4447.36
1005,12867.4
1006,11817.21
1007,4299.19
1008,3906.11
1009,18252.34
1010,2633.32
1011,45655.79
1012,51224.52
1013,4222.4
1014,57819.16
1015,62137.94
1016,45270.93
1017,42336.87
1018,9849.59
1019,9400.63
1020,3047.82
1021,10273.1
1022,4451.58
1023,3429.82
1024,58320.56
1025,11280.75
1026,54839.98
1027,4227.7
1028,52987.18
1029,6480.8
1030,53617.06
1031,6338.98
1032,5284.12
1033,43826.99
1034,7611.35
1035,5487.28
1036,27126.67
1037,5984.57
1038,48111.17
1039,3996.06
1040,3084.66
1041,60874.09
1042,34185.4
1043,10139.32
1044,6310.15
1045,5092.19
1046,62568.6
1047,41857.84
1048,4499.3
1049,5971.22
1050,2441.18
1051,3299.21
1052,5256.42
1053,5615.08
1054,51905.98
1055,2904.42
1056,6652.97
1057,8206.13
1058,9316.91
1059,6551.83
1060,3544.25
1061,62410.78
1062,49330.31
1063,4510.29
1064,7968.82
1065,10405.34
1066,5185.88
1067,18144.1
1068,23085.11
1069,43723.72
1070,1982.93
1071,4836.08
1072,49966.84
1073,61021.72
1074,16352.37
1075,12606.59
1076,5576.66
1077,6710.07
1078,4769.49
1079,16233.66
1080,3622.43
1081,52231.06
1082,4349.67
1083,5534.77
1084,12555.95
1085,3819.59
1086,6464.75
1087,9205.09
1088,6645.51
1089,14371.04
1090,6053.17
1091,5501.5
1092,12901.63
1093,6704.0025
1094,4929.88
1095,9215.72
1096,52154.34
1097,64071.36
1098,4652.8
1099,4540.04
1100,48549.94
1101,3764.41
1102,15240.98
1103,3635.26
1104,60800.48
1105,2659.23
1106,7173.02
1107,5433.92
1108,8322.65
1109,56683.18
1110,4182.59
1111,11665.17
1112,52968.74
1113,6238.32
1114,54757.65
1115,12550.27
1116,4284.29
1117,59641.08
1118,45988.87
1119,6160.87
1120,4082.93
1121,3944.26
1122,2088.78
1123,5833.51
1124,4943.5
1125,54405.42
1126,6464.77
1127,5175.72
1128,48772.05
1129,5892.68
1130,5663.64
1131,9929.17
1132,7171.37
1133,67466.28
1134,5917.09
1135,5795.87
1136,5169.69
1137,8404.75
1138,27981.87
1139,5156.75
1140,4000.28
1141,4917.59
1142,6063.07
1143,2421.83
1144,7310.42
1145,50080.42
1146,62337.0
1147,11348.26
1148,41292.38
1149,7804.24
1150,2913.34
1151,3753.36
1152,12589.03
1153,4246.77
1154,7312.65
1155,15275.8
1156,7225.77
1157,4172.77
1158,45435.58
1159,5319.32
1160,2673.61
1161,5956.47
1162,6183.66
1163,5743.67
1164,75226.56
1165,5701.55
1166,46726.96
1167,6764.91
1168,5806.4
1169,12862.89
1170,4516.79
1171,6369.13
1172,44991.34
1173,2914.95
1174,6186.96
1175,2824.05
1176,4272.61
1177,2416.68
1178,4618.21
1179,13942.72
1180,4461.1
1181,4891.05
1182,5774.42
1183,52258.57
1184,56217.39
1185,19396.21
1186,7578.09
1187,52099.54
1188,2898.95
1189,5711.43
1190,14798.64
1191,67835.4
1192,57146.19
1193,17408.89642857143
1194,5094.22
1195,2494.83
1196,12092.13
1197,62666.97
1198,12684.25
1199,5357.55
1200,6158.82
1201,11659.88
1202,22220.94
1203,6239.31
1204,54881.92
1205,6266.96
1206,15974.29
1207,4550.83
1208,5268.76
1209,8215.07
1210,5512.29
1211,60549.24
1212,55177.77
1213,3430.82
1214,4376.86
1215,4366.92
1216,16897.72
1217,3367.91
1218,3251.95
1219,59882.93
1220,29903.63
1221,60233.79
1222,3851.85
1223,4497.17
1224,49356.91
1225,58379.83
1226,4931.5
1227,5865.79
1228,4549.82
1229,13657.74
1230,53506.58
1231,4737.74
1232,5107.73
1233,5660.24
1234,5987.49
1235,59442.75
1236,5826.74
1237,59569.26
1238,4304.66
1239,6582.92
1240,11236.66
1241,51920.87
1242,7224.4
1243,57218.88
1244,5572.28
1245,6238.1
1246,6169.11
1247,5494.05
1248,4761.47
1249,6432.49
1250,6983.13
1251,4126.77
1252,55660.35
1253,60233.31
1254,2347.02
1255,3575.39
1256,55201.76
1257,5173.42
1258,5223.72
1259,5672.75
1260,11059.37
1261,4553.42
1262,9783.22
1263,12343.45
1264,44110.39
1265,3343.58
1266,33526.636666666665
1267,5055.7
1268,9223.97
1269,7400.14
1270,62360.84
1271,6597.23
1272,5090.48
1273,18058.049833333338
1274,11201.2
1275,6303.82
1276,4365.94
1277,73308.44
1278,9100.52
1279,11978.22
1280,61743.4
1281,23890.12
1282,59124.27
1283,6162.28
1284,5921.16
1285,3960.74
1286,55242.6
1287,5951.39
1288,73784.27
1289,5098.17
1290,9696.106666666667
1291,6322.06
1292,54361.96
1293,10577.9
1294,11253.74
1295,6068.25
1296,50720.41
1297,3897.93
1298,10780.63
1299,11868.12
1300,6442.37
1301,10010.67
1302,49624.57
1303,2373.4
1304,4095.49
1305,7161.95
1306,4537.11
1307,4920.52
1308,6883.02
1309,52362.61
1310,69973.3
1311,6135.87
1312,13800.09
1313,49693.72
1314,45213.94
1315,11077.6
1316,13143.98
1317,5552.58
1318,5909.46
1319,2114.34
1320,15811.72
1321,6047.29
1322,8328.18
1323,2248.17
1324,6096.29
1325,57201.65
1326,3456.56
1327,6353.0
1328,69187.63
1329,5744.92
1330,6917.14
1331,5404.37
1332,13688.63
1333,2007.5
1334,12473.33
1335,9282.75
1336,6472.83
1337,44168.51
1338,5655.76
1339,5508.73
1340,8163.94
1341,10306.0
1342,2565.8
1343,2697.05
1344,6981.03
1345,2226.53
1346,67342.4
1347,4900.41
1348,49360.83
1349,5711.45
1350,6315.55
1351,14114.16
1352,10535.06
1353,10710.91
1354,5453.9
1355,9367.1
1356,48344.03
1357,28618.63
1358,10932.35
1359,8057.18
1360,13424.89
1361,4445.07
1362,43420.98
1363,7374.43
1364,12732.81
1365,46552.97
1366,64947.62
1367,11867.51
1368,7242.35
1369,54972.54
1370,49041.19
1371,4774.6866666666665
1372,21635.22
1373,6362.34
1374,49136.43
1375,5428.32
1376,10826.44
1377,5348.62
1378,4360.8
1379,4810.42
1380,53935.21
1381,4752.45
1382,70217.22
1383,49114.42
1384,42323.55
1385,5957.2
1386,4565.32
1387,2728.3
1388,5620.63
1389,56094.76
1390,5503.25
1391,50938.88
1392,2447.07
1393,50170.3
1394,49841.53
1395,4326.77
1396,4814.19
1397,6631.34
1398,54608.0
1399,34454.53
1400,68989.39
1401,13869.33
1402,57085.23
1403,6201.74
1404,3075.09
1405,35839.66
1406,8881.98
1407,74240.58
1408,11215.69
1409,4574.68
1410,45753.14
1411,8661.38
1412,6528.22
1413,67450.77
1414,13165.38
1415,54836.65
1416,5865.67
1417,6134.86
1418,2150.0
1419,4917.02
1420,4821.16
1421,53213.27
1422,4426.68
1423,46452.41
1424,6020.79
1425,49883.6
1426,4537.37
1427,8382.44
1428,45163.77
1429,2598.17
1430,3978.22
1431,50995.31
1432,59487.36
1433,3363.6
1434,1786.2
1435,3038.16
1436,69654.6
1437,6559.93
1438,36781.36
1439,56597.97
1440,49493.6
1441,9016.58
1442,62537.13
1443,61767.35
1444,5860.01
1445,61011.28
1446,48625.37
1447,9256.84
1448,42821.55
1449,2766.84
1450,66513.62
1451,3551.71
1452,42723.28
1453,5521.02
1454,5672.71
1455,4495.86
1456,44971.64
1457,56058.18
1458,6347.1
1459,2880.49
1460,3438.97
1461,14076.77
1462,5584.32
1463,49769.11
1464,2984.93
1465,3848.07
1466,2381.77
1467,45337.19
1468,44614.07
1469,52665.11
1470,4034.7938571428567
1471,13699.5
1472,12885.82
1473,3804.37
1474,49792.49
1475,3681.92
1476,11355.04
1477,51199.81
1478,5390.31
1479,7010.185
1480,13527.58
1481,42459.78
1482,42761.59
1483,3978.94
1484,5526.14
1485,6841.07
1486,11233.68
1487,6271.67
1488,44057.94
1489,6807.99
1490,8762.09
1491,11040.47
1492,45821.82
1493,52543.97
1494,10092.22
1495,52142.02
1496,61682.25
1497,2819.82
1498,7574.96
1499,5177.06
1500,6212.88
1501,10934.47
1502,8493.79
1503,4291.99
1504,11686.46
1505,4740.59
1506,59952.11
1507,4214.03
1508,68201.23
1509,52870.67
1510,60101.52
1511,7129.21
1512,54639.46
1513,52160.26
1514,5760.1
1515,44833.51
1516,47520.3
1517,5100.41
1518,5384.185
1519,73727.99
1520,5390.75
1521,4601.29
1522,3214.95
1523,5408.63
1524,56174.75
1525,9951.1
1526,11664.93
1527,11366.18
1528,44410.44
1529,6049.11
1530,7141.04
1531,48027.6
1532,6184.17
1533,40461.29
1534,8005.52
1535,7285.21
1536,46506.29
1537,12398.04
1538,12509.26
1539,4787.9
1540,4827.44
1541,6070.96
1542,55748.88
1543,8067.88
1544,42785.32
1545,27841.13
1546,54173.72
1547,24549.18
1548,10592.91
1549,5947.42
1550,49218.21
1551,6208.52
1552,8297.26
1553,58602.85
1554,8031.59
1555,4865.61
1556,4774.4
1557,7666.79
1558,32919.24
1559,13337.52
1560,79741.77
1561,7893.0
1562,6422.33
1563,60011.28
1564,68990.38
1565,6808.5
1566,7058.93
1567,6012.84
1568,7602.41
1569,55575.32
1570,3050.64
1571,8238.86
1572,5777.24
1573,3362.59
1574,17231.53
1575,52403.12
1576,13858.16
1577,8113.69
1578,55314.28
1579,5007.86
1580,5859.44
1581,50582.68
1582,3598.7
1583,68025.44
1584,5319.02
1585,5152.11
1586,13713.7
1587,3944.99
1588,5404.71
1589,45421.93
1590,71191.94
1591,49475.22
1592,4931.51
1593,8547.94
1594,1800.67
1595,7359.4845
1596,3235.75
1597,5691.03
1598,22241.36
1599,5128.28
1600,53626.69
1601,11672.13
1602,11277.15
1603,6078.22
1604,12258.67
1605,7557.36
1606,57858.88
1607,5194.04
1608,7030.08
1609,4840.8
1610,49265.87
1611,4595.93
1612,4980.93
1613,5449.02
1614,4650.23
1615,50912.65
1616,42194.81
1617,52355.95
1618,4954.43
1619,6317.63
1620,53284.22
1621,64053.71
1622,4931.29
1623,4278.01
1624,3458.82
1625,5914.01
1626,6512.68
1627,70977.0
1628,9710.75
1629,46505.25
1630,55345.85
1631,9932.28
1632,5347.67
1633,8439.23
1634,5421.6
1635,8540.82
1636,7695.84
1637,11970.04
1638,10171.19
1639,5213.62
1640,5880.0
1641,70402.34
1642,16372.88
1643,14262.68
1644,6584.71
1645,60400.17
1646,6797.48
1647,60075.52
1648,45052.75
1649,6292.47
1650,12822.94
1651,56185.6
1652,10724.07
1653,56318.12
1654,2480.42
1655,13075.44
1656,4875.24
1657,5749.56
1658,56870.6
1659,3894.03
1660,6091.83
1661,53104.98
1662,6738.86
1663,5742.45
1664,55487.39
1665,5454.07
1666,2224.92
1667,11075.28
1668,7759.83
1669,5214.07
1670,51176.75
1671,56499.97
1672,5326.56
1673,4303.72
1674,12430.92
1675,32978.06
1676,59932.53
1677,1768.4
1678,53448.26
1679,5448.96
1680,53748.21
1681,7301.47
1682,54687.36
1683,4364.81
1684,5006.39
1685,3565.71
1686,3562.88
1687,4562.52
1688,6032.65
1689,1962.0
1690,1757.05
1691,5687.95
1692,5072.69
1693,4762.53
1694,56906.49
1695,2709.16
1696,3508.43
1697,5764.0
1698,4069.87
1699,55300.3
1700,6762.53
1701,5369.83
1702,5887.72
1703,5379.79
1704,2821.7
1705,9077.56
1706,6986.7425
1707,5894.79
1708,4510.98
1709,7279.43
1710,4694.04
1711,7160.76
1712,12524.52
1713,5568.14
1714,6392.805
1715,52262.08
1716,5344.77
1717,4306.43
1718,10058.63
1719,2191.42
1720,54450.64
1721,22138.16
1722,5745.14
1723,6111.18
1724,7510.75
1725,67664.96
1726,52773.01
1727,5768.15
1728,50009.84
1729,5662.02
1730,4502.56
1731,60018.11
1732,6110.58
1733,16953.26
1734,6071.67
1735,5924.28
1736,39046.24
1737,51745.08
1738,11342.21
1739,2703.25
1740,4253.24
1741,6343.06
1742,1878.4
1743,1939.36
1744,5887.69
1745,5929.41
1746,2803.9
1747,13559.66
1748,5035.78
1749,52396.99
1750,5557.9
1751,46544.86
1752,10803.11
1753,4634.82
1754,70242.32
1755,6182.56
1756,40079.45
1757,52039.43
1758,10791.51
1759,63177.7
1760,31485.94
1761,56303.11
1762,6535.78
1763,5308.8
1764,2127.14
1765,8481.6
1766,1526.88
1767,4767.62
1768,5614.18
1769,13689.59
1770,6635.26
1771,5347.51
1772,13318.97
1773,54580.87
1774,3495.43
1775,57970.24
1776,7524.71
1777,4811.02
1778,8305.75
1779,1175.78
1780,52691.39
1781,12232.89
1782,4391.03
1783,70469.64
1784,5166.17
1785,44892.55
1786,6557.84
1787,7534.13
1788,6675.75
1789,6171.51
1790,2506.02
1791,4623.37
1792,15910.14
1793,4373.03
1794,4996.95
1795,10117.71
1796,6064.86
1797,5854.97
1798,69790.92
1799,1829.49
1800,5144.56
1801,4538.07
1802,6193.295
1803,2866.6
1804,64680.56
1805,13194.02
1806,3277.74
1807,6527.03
1808,5624.32
1809,6139.01
1810,69715.52
1811,6245.02
1812,5055.55
1813,76109.74
1814,6179.1
1815,7125.74
1816,5448.595
1817,61407.4
1818,3798.77
1819,1993.58
1820,4763.34
1821,9029.0
1822,52491.52
1823,25430.02
1824,6909.0
1825,14226.28
1826,6268.71
1827,14268.72
1828,52125.3
1829,17135.46
1830,6544.52
1831,22080.68
1832,47993.84
1833,4282.71
1834,7672.56
1835,27905.18
1836,1789.99
1837,6346.55
1838,5343.83
1839,12581.24
1840,70980.97
1841,5130.37
1842,52098.89
1843,59357.02
1844,14530.39
1845,12691.55
1846,5900.16
1847,5562.05
1848,7291.58
1849,8849.2
1850,5610.21
1851,9334.45
1852,5929.86
1853,4715.07
1854,11138.67
1855,5981.64
1856,5684.68
1857,56415.72
1858,10311.73
1859,6023.12
1860,6588.87
1861,6470.32
1862,50940.1
1863,4418.43
1864,4634.42
1865,63185.16
1866,13395.01
1867,5431.21
1868,5117.97
1869,4024.45
1870,6560.13
1871,4206.31
1872,69059.7
1873,10826.02
1874,12247.39
1875,5526.18
1876,6553.21
1877,12215.0
1878,45310.65
1879,4879.78
1880,2763.17
1881,14019.35
1882,9128.5
1883,10225.12
1884,5859.16
1885,2772.2
1886,2479.92
1887,54370.65
1888,7147.69
1889,4275.78
1890,54349.05
1891,5678.15
1892,5233.49
1893,4862.09
1894,5517.96
1895,6074.61
1896,54441.29
1897,10099.2
1898,1843.91
1899,4442.83
1900,8012.97
1901,5412.78
1902,5124.36
1903,7297.46
1904,5358.02
1905,13224.55
1906,42413.28
1907,1768.09
1908,6626.45
1909,5857.07
1910,3539.21
1911,10556.25
1912,8030.37
1913,4557.0
1914,12489.92
1915,7380.85
1916,6217.56
1917,41894.37
1918,7185.53
1919,5097.61
1920,5381.29
1921,6209.4
1922,71630.31
1923,2317.46
1924,64701.06
1925,5770.44
1926,4238.24
1927,56304.25
1928,6805.17
1929,4990.83
1930,2458.21
1931,9610.53
1932,6821.74
1933,9738.83
1934,12380.19
1935,3270.11
1936,58187.82
1937,7980.18
1938,6273.68
1939,4671.56
1940,2532.2
1941,51120.08
1942,10774.6
1943,7082.78
1944,5749.93
1945,48746.71
1946,2754.64
1947,14549.0
1948,4779.97
1949,5371.44
1950,8189.25
1951,2099.83
1952,7163.76
1953,49082.66
1954,9405.95
1955,63687.57
1956,18686.72
1957,5035.93
1958,45310.72
1959,4353.99
1960,5418.46
1961,51025.1
1962,8156.02
1963,40413.41
1964,55824.08
1965,3715.78
1966,34139.75
1967,8908.34
1968,3017.24
1969,13915.38
1970,5540.55
1971,4537.2
1972,2122.41
1973,39687.57
1974,3532.91
1975,13888.3
1976,4195.01
1977,5404.44
1978,52195.79
1979,4647.11
1980,6368.08
1981,4914.93
1982,62211.63
1983,38687.4
1984,4611.4
1985,65594.08
1986,54772.61
1987,11424.85
1988,47728.45
1989,53520.05
1990,46323.34
1991,6823.18
1992,5905.04
1993,5100.64
1994,3659.77
1995,2882.25
1996,1761.43
1997,10145.3
1998,4867.96
1999,1819.23
2000,6831.49
2001,64648.44
2002,4201.36
2003,4036.4
2004,67838.56
2005,2614.63
2006,6917.905
2007,47869.56
2008,32458.01
2009,61682.01
2010,11103.12
2011,4358.07
2012,5553.2
2013,4920.32
2014,10406.56
2015,12819.5
2016,11836.38
2017,9250.42
2018,10423.86
2019,10649.48
2020,3950.96
2021,8155.66
2022,6316.75
2023,5560.51
2024,10737.38
2025,13872.67
2026,9706.67
2027,2431.98
2028,5925.23
2029,6540.01
2030,4725.31
2031,16789.31
2032,55055.45
2033,2850.47
2034,31931.75
2035,42007.56
2036,5938.29
2037,3217.9
2038,51611.08
2039,64955.29
2040,56077.89
2041,59680.81
2042,5924.3
2043,5061.78
2044,7702.61
2045,50388.04
2046,48064.95
2047,39831.2
2048,4214.15
2049,5562.52
2050,5033.06
2051,2324.26
2052,34924.22
2053,53966.85
2054,6792.98
2055,47383.37
2056,43907.03
2057,63009.26
2058,6255.65
2059,3725.17
2060,4477.81
2061,65208.8
2062,4489.78
2063,5460.65
2064,5466.99
2065,6103.06
2066,5652.36
2067,6701.7
2068,9925.19
2069,8007.65
2070,4495.51
2071,2964.79
2072,70042.45
2073,4372.13
2074,4581.19
2075,65016.36
2076,11865.74
2077,1946.35
2078,6465.53
2079,6215.73
2080,4493.15
2081,51178.63
2082,5568.7
2083,5479.26
2084,2143.16
2085,49387.01
2086,5965.33
2087,63552.57
2088,63104.67533333333
2089,4260.35
2090,3711.92
2091,11235.38
2092,5010.04
2093,3333.51
2094,52509.37
2095,12686.56
2096,55621.65
2097,12155.6
2098,5922.34
2099,54094.95
2100,8752.29
2101,7416.74
2102,3642.9
2103,70223.4
2104,61434.42
2105,49526.27
2106,6069.94
2107,8166.99
2108,6436.46
2109,10783.8
2110,54497.52
2111,4241.45
2112,7308.91
2113,3718.01
2114,61141.37
2115,6379.14
2116,45568.1
2117,4691.28
2118,4633.36
2119,44007.64
2120,5317.88
2121,46884.79
2122,6480.16
2123,49789.53
2124,7558.33
2125,64631.45
2126,4185.79
2127,51247.61
2128,3482.14
2129,57676.72
2130,5167.87
2131,51709.14
2132,58781.17
2133,3437.4
2134,4571.45
2135,2868.71
2136,3172.9
2137,5554.182
2138,47145.32
2139,5378.36
2140,8251.95
2141,5027.8
2142,56041.44
2143,7566.53
2144,54141.36
2145,4273.59
2146,4852.27
2147,4559.98
2148,4429.3
2149,9338.18
2150,4609.308
2151,6236.4
2152,7467.85
2153,51739.07
2154,49680.53
2155,32753.01
2156,5250.65
2157,12802.4
2158,13575.28
2159,10578.37
2160,8024.29
2161,51439.83
2162,5165.11
2163,53160.49
2164,6668.9
2165,7660.5
2166,4460.24
2167,41754.45
2168,57680.51
2169,6511.04
2170,5505.63
2171,50797.15
2172,4702.89
2173,5142.09
2174,3284.45
2175,5051.99
2176,40469.33
2177,50557.1
2178,56363.21
2179,5792.0
2180,64571.72
2181,3094.58
2182,40140.46
2183,41570.82
2184,4956.2
2185,6139.54
2186,9867.7
2187,15823.04
2188,9538.55
2189,5596.72
2190,8643.78
2191,44987.85
2192,6378.81
2193,6332.01
2194,2226.81
2195,5596.65
2196,58618.89
2197,62281.12
2198,54515.44
2199,2926.75
2200,5282.98
2201,5305.62
2202,5440.38
2203,6070.44
2204,9701.84
2205,4673.04
2206,3902.09
2207,78153.96
2208,4861.53
2209,68700.62
2210,13758.7
2211,12271.24
2212,46359.65
2213,69825.72
2214,10651.07
2215,5154.92
2216,6733.16
2217,57370.2
2218,56906.2
2219,3090.0
2220,54096.42
2221,5663.06
2222,3051.71
2223,5794.27
2224,4346.58
2225,3346.84
2226,6652.72
2227,5262.48
2228,10205.44
2229,11760.43
2230,4284.75
2231,3446.14
2232,58446.72
2233,17021.79
2234,6328.6
2235,59796.8
2236,5589.77
2237,11756.29
2238,4404.57
2239,7018.09
2240,50427.68
2241,10217.47
2242,4944.58
2243,49881.29
2244,2150.0
2245,4169.155
2246,7666.71
2247,3796.47
2248,6647.19
2249,5064.73
2250,7045.85
2251,10540.93
2252,52924.07
2253,9158.63
2254,46318.37
2255,4376.93
2256,6203.35
2257,3668.12
2258,6316.99
2259,5757.21
2260,6859.95
2261,7401.67
2262,10799.53
2263,10635.83
2264,7514.64
2265,3465.92
2266,35803.7
2267,45686.63
2268,11064.15
2269,6262.97
2270,4777.91
2271,3406.47
2272,5017.04
2273,2125.06
2274,43135.62
2275,48930.97
2276,2645.14
2277,10391.52
2278,2401.31
2279,7989.17
2280,44528.47
2281,4140.95
2282,61608.11
2283,61958.33
2284,8298.56
2285,6370.29
2286,49136.87
2287,77487.82
2288,2650.65
2289,6267.87
2290,5608.22
2291,5007.1
2292,2352.75
2293,15827.32
2294,8525.17
2295,5944.65
2296,5710.8
2297,27869.02
2298,6708.64
2299,10542.77
2300,3404.21
2301,47387.63
2302,5367.61
2303,52811.37
2304,7575.44
2305,45839.5
2306,6269.52
2307,15967.48
2308,68158.76
2309,4441.5
2310,9145.92
2311,59436.11
2312,12324.24
2313,53521.08
2314,5276.98
2315,16293.59
2316,5091.98
2317,54058.45
2318,22969.98
2319,11981.39
2320,6109.25
2321,60382.47
2322,4886.53
2323,15280.35
2324,8601.99
2325,6987.82
2326,5597.07
2327,13892.26
2328,35202.04
2329,6125.75
2330,5997.82
2331,45507.92
2332,9667.35
2333,6369.73
2334,9783.39
2335,46191.0
2336,50792.93
2337,52901.18
2338,2284.71
2339,39751.43
2340,9476.97
2341,40409.82
2342,4929.26
2343,42843.85
2344,6432.7
2345,55056.56
2346,4365.94
2347,8034.22
2348,11377.6
2349,5743.24
2350,54246.35
2351,4177.26
2352,3776.96
2353,5678.79
2354,2473.69
2355,4510.12
2356,54128.99
2357,59648.46
2358,4810.08
2359,5756.04
2360,8073.76
2361,57919.19
2362,65894.22
2363,4572.48
2364,51985.41
2365,6492.65
2366,58230.07
2367,4240.58
2368,71474.38
2369,56028.94
2370,6145.58
2371,6649.7
2372,4319.95
2373,6113.24
2374,4538.36
2375,4578.7
2376,45315.95
2377,12891.98
2378,55291.88
2379,4935.42
2380,24813.75
2381,3742.84
2382,10482.93
2383,88687.07
2384,8691.76
2385,11086.74
2386,57971.44
2387,5059.12
2388,6257.81
2389,1981.26
2390,43111.37
2391,4712.76
2392,11080.49
2393,7273.83
2394,13049.01
2395,22162.08
2396,49780.32
2397,4471.09
2398,9294.28
2399,6337.81
2400,13595.02
2401,60699.19
2402,4665.9
2403,31941.83
2404,44177.79
2405,6247.04
2406,4869.92
2407,4558.49
2408,9321.82
2409,10488.2
2410,39788.86
2411,6886.5
2412,6195.15
2413,3324.33
2414,61105.0
2415,8806.28
2416,44049.12
2417,10873.2
2418,5101.21
2419,5541.41
2420,6103.91
2421,6942.84
2422,63345.87
2423,4415.3
2424,2705.38
2425,5100.98
2426,62795.4
2427,5887.79
2428,54433.37
2429,60884.14
2430,11982.19
2431,22262.88
2432,67055.32
2433,7697.34
2434,4896.77
2435,7771.39
2436,4498.26
2437,57245.91
2438,47795.99
2439,4426.46
2440,58486.69
2441,4229.66
2442,5827.17
2443,6059.6
2444,2648.91
2445,2985.88
2446,12677.31
2447,6117.17
2448,8307.45
2449,4649.5
2450,5828.56
2451,3934.18
2452,10898.35
2453,7043.17
2454,50556.22
2455,15509.81
2456,53874.9
2457,23908.16
2458,15613.29
2459,39914.46
2460,45569.68
2461,6493.23
2462,6137.57
2463,6097.31
2464,7442.962333333333
2465,4538.75
2466,1925.64
2467,5229.18
2468,5398.01
2469,5564.26
2470,5970.24
2471,7469.46
2472,4673.89
2473,4728.06
2474,5500.42
2475,8062.0
2476,4999.62
2477,3710.23
2478,13612.73
2479,77333.85
2480,4971.52
2481,36747.6
2482,5777.97
2483,59827.68
2484,50629.04
2485,59932.29
2486,5932.51
2487,5800.66
2488,54636.57
2489,2292.32
2490,8055.89
2491,57792.47
2492,12459.57
2493,4603.82
2494,4098.72
2495,3878.24
2496,4709.65
2497,2416.82
2498,10320.65
2499,66805.89
2500,3735.37
2501,50922.43
2502,11207.36
2503,3117.07
2504,14293.06
2505,50729.88
2506,2967.78
2507,19702.32
2508,9257.57
2509,3712.5
2510,4594.6
2511,51553.8
2512,10604.74
2513,3599.45
2514,5906.51
2515,12825.53
2516,5263.14
2517,2602.2
2518,53003.02
2519,69441.48
2520,59631.52
2521,4449.63
2522,86855.98
2523,55983.0
2524,45049.55
2525,65021.85
2526,6067.04
2527,6719.64
2528,13996.62
2529,3680.81
2530,7297.84
2531,58533.43
2532,61766.91
2533,4126.74
2534,47560.1
2535,6561.61
2536,7705.06
2537,4370.13
2538,8373.06
2539,2800.72
2540,56296.39
2541,12304.19
2542,13316.48
2543,35924.82
2544,23198.1
2545,4943.97
2546,54684.0
2547,5530.24
2548,2491.9
2549,47960.47
2550,6707.2
2551,5056.6375
2552,6367.72
2553,6151.29
2554,46514.36
2555,64971.24
2556,7934.11
2557,5757.26
2558,3155.14
2559,3017.24
2560,7805.18
2561,6629.99
2562,5841.14
2563,10595.83
2564,4559.21
2565,12698.14
2566,14140.76
2567,3452.81
2568,8238.78
2569,7892.1
2570,52205.29
2571,58578.14
2572,2227.15
2573,2720.69
2574,51792.59
2575,4719.79
2576,49366.01
2577,70793.93
2578,8484.91
2579,3552.8
2580,67538.4
2581,52225.59
2582,55700.65
2583,46848.18
2584,5103.96
2585,6139.77
2586,4911.24
2587,52247.73
2588,6708.42
2589,4857.07
2590,6069.98
2591,3858.85
2592,3367.52
2593,5644.72
2594,42975.64
2595,9813.38
2596,35485.8
2597,12599.16
2598,63433.8
2599,4713.47
2600,68495.99
2601,10820.03
2602,3903.03
2603,60495.52
2604,3970.84
2605,14622.72
2606,56412.6
2607,6453.37
2608,5701.13
2609,4781.83
2610,4800.06
2611,10612.7
2612,12256.61
2613,3667.16
2614,6063.94
2615,43094.97
2616,6022.95
2617,4768.46
2618,68632.13
2619,13305.22
2620,9440.95
2621,2624.98
2622,4061.34
2623,7085.55
2624,55889.61
2625,55976.98
2626,5708.42
2627,64748.46
2628,58668.85
2629,55703.11
2630,7085.74
2631,5543.51
2632,3995.0
2633,57294.14
2634,10552.74
2635,3431.08
2636,4192.44
2637,6841.96
2638,66098.28
2639,12081.08
2640,5992.61
2641,4006.4
2642,55822.89
2643,40977.05
2644,3752.43
2645,3957.81
2646,2729.99
2647,34791.49
2648,10016.395
2649,5801.7
2650,54055.59
2651,55927.66
2652,2304.59
2653,5522.46
2654,4131.99
2655,5157.74
2656,4984.98
2657,53141.41
2658,57073.85
2659,56745.27
2660,49898.29
2661,63828.04
2662,2249.33
2663,55501.04
2664,8722.26
2665,5625.79
2666,41048.31
2667,55470.95
2668,54533.63
2669,61576.34
2670,3740.71
2671,11180.0
2672,4885.16
2673,9969.43
2674,4769.29
2675,6846.56
2676,6605.65
2677,3545.96
2678,3627.44
2679,2379.17
2680,5916.65
2681,5613.06
2682,6659.61
2683,3839.11
2684,5943.82
2685,5352.27
2686,6202.17
2687,62439.17
2688,47979.21
2689,12149.87
2690,13282.24
2691,30549.65
2692,4555.82
2693,10503.95
2694,2147.64
2695,10667.4
2696,3567.95
2697,7069.92
2698,11882.54
2699,60991.89
2700,51426.86
2701,45736.75
2702,3103.73
2703,7198.35
2704,4471.21
2705,16843.54
2706,5718.6
2707,38799.6
2708,49884.89
2709,6051.8
2710,51177.74
2711,4886.01
2712,5155.61
2713,4537.71
2714,56494.66
2715,9272.87
2716,3964.23
2717,53780.52
2718,4150.87
2719,6027.18
2720,6194.3
2721,2993.47
2722,10743.89
2723,70926.56
2724,17335.01
2725,2806.98
2726,3261.77
2727,6348.132
2728,4568.94
2729,2435.27
2730,10248.98
2731,56050.09
2732,2639.51
2733,6151.17
2734,51507.69
2735,5066.06
2736,8098.505
2737,50170.13
2738,4605.28
2739,58960.59
2740,5285.22
2741,9649.01
2742,7468.97
2743,63606.8
2744,6390.8
2745,54825.19
2746,5255.8
2747,4459.25
2748,57480.12
2749,5935.25
2750,10945.62
2751,54782.54
2752,6807.74
2753,64559.4
2754,4968.22
2755,7675.12
2756,6027.98
2757,60387.21
2758,3312.28
2759,40384.23
2760,7390.51
2761,52491.52
2762,16067.59
2763,6390.26
2764,54493.19
2765,12096.84
2766,8695.746666666666
2767,6802.84
2768,57663.83
2769,10417.75
2770,45311.94
2771,3288.98
2772,2980.32
2773,3446.25
2774,2914.13
2775,10722.61
2776,8241.22
2777,8527.19
2778,12425.06
2779,10784.32
2780,50392.19
2781,44477.05
2782,9061.51
2783,8554.51
2784,11860.16
2785,6543.5
2786,4367.85
2787,6424.54
2788,6177.89
2789,6362.83
2790,3244.64
2791,2353.52
2792,1859.2
2793,52339.45
2794,4460.93
2795,51730.39
2796,6999.28
2797,10251.07
2798,5984.34
2799,49070.19
2800,6456.75
2801,5798.24
2802,4282.28
2803,27905.18
2804,4301.56
2805,6080.13
2806,59042.6
2807,66673.56
2808,4796.42
2809,54598.2
2810,6234.79
2811,3986.33
2812,6703.51
2813,12240.65
2814,1773.98
2815,6703.15
2816,6969.79
2817,7602.19
2818,5697.65
2819,3943.09
2820,4782.52
2821,6777.29
2822,5400.43
2823,4305.18
2824,7879.24
2825,2598.51
2826,6648.74
2827,5080.52
2828,56280.51
2829,9098.37
2830,5174.49
2831,2712.76
2832,7061.71
2833,4923.23
2834,4728.35
2835,9564.18
2836,1888.36
2837,8802.46
2838,48112.95
2839,53223.79
2840,5573.38
2841,42111.87
2842,50209.88
2843,54575.55
2844,56303.21
2845,2509.33
2846,5360.88
2847,22500.88
2848,7293.86
2849,2935.08
2850,53308.91
2851,5147.5
2852,6269.65
2853,52671.81
2854,56216.53
2855,13994.14
2856,8386.77
2857,50769.24
2858,5614.75
2859,19702.32
2860,5664.42
2861,4402.96
2862,8014.43
2863,5125.69
2864,59931.15
2865,2897.44
2866,2731.95
2867,5590.15
2868,12647.85
2869,53256.12
2870,10270.97
2871,51442.58
2872,50328.94
2873,10372.67
2874,12320.1
2875,6493.87
2876,6182.64
2877,5472.1
2878,7854.76
2879,9812.53
2880,32870.04
2881,2854.21
2882,51771.65
2883,46182.95
2884,8142.56
2885,3458.68
2886,45800.87
2887,8270.17
2888,25562.06
2889,3035.17
2890,1726.27
2891,5673.41
2892,41441.69
2893,9441.49
2894,4525.37
2895,7960.92
2896,14843.95
2897,5243.74
2898,4356.89
2899,12127.87
2900,6789.46
2901,4552.44
2902,55535.99
2903,12378.42
2904,52361.16
2905,5354.02
2906,50246.62
2907,6033.45
2908,53151.93
2909,48472.69
2910,10174.41
2911,6150.2
2912,5838.45
2913,5605.77
2914,54552.93
2915,5765.32
2916,6085.94
2917,5170.61
2918,9587.61
2919,60233.31
2920,12785.91
2921,3223.13
2922,7024.88
2923,10959.33
2924,48550.31
2925,14932.94
2926,7158.48
2927,5407.15
2928,5050.81
2929,43078.92
2930,8760.14
2931,15823.77
2932,5307.37
2933,62722.05
2934,13953.99
2935,58302.36
2936,49311.3
2937,8409.15
2938,6448.11
2939,5505.12
2940,4484.45
2941,55984.62
2942,6060.32
2943,6474.58
2944,2419.37
2945,15700.16
2946,63963.69
2947,14708.24
2948,42982.05
2949,4196.74
2950,6052.33
2951,6808.34
2952,7810.62
2953,57995.89
2954,17679.01
2955,46480.29
2956,12604.56
2957,6257.94
2958,6257.26
2959,6720.97
2960,7473.06
2961,3812.42
2962,2834.69
2963,10437.56
2964,7097.48
2965,54843.9
2966,4296.03
2967,5232.75
2968,49239.99
2969,5331.57
2970,19644.58
2971,5563.7
2972,8119.03
2973,2143.66
2974,7670.45
2975,52138.93
2976,53918.26
2977,15888.97
2978,5220.75
2979,7083.17
2980,5315.602857142857
2981,6038.59
2982,50547.94
2983,12006.84
2984,57654.4
2985,5544.56
2986,6410.18
2987,6973.87
2988,69068.99
2989,12782.1575
2990,3636.15
2991,69082.78
2992,46112.04
2993,2061.2
2994,4288.82
2995,3246.2
2996,46317.52
2997,5996.07
2998,43172.86
2999,6380.479333333334
3000,6423.36
3001,6659.45
3002,54388.31
3003,3604.71
3004,6025.41
3005,4135.16
3006,58500.82
3007,6693.82
3008,52474.48
3009,7485.656666666666
3010,64229.56
3011,8670.73
3012,5478.2
3013,3138.53
3014,41747.73
3015,45716.98
3016,47960.29
3017,61418.11
3018,57395.8
3019,8591.51
3020,3311.57
3021,5264.54
3022,4816.08
3023,2783.31
3024,6832.73
3025,5254.41
3026,7430.4
3027,60649.73
3028,5505.09
3029,6709.9
3030,5693.2
3031,4090.38
3032,6085.5
3033,57541.34
3034,5472.66
3035,49966.69
3036,4396.95
3037,5885.96
3038,4699.97
3039,15038.1
3040,45521.53
3041,6050.03
3042,12920.42
3043,4642.57
3044,3954.22
3045,6739.65
3046,4363.87
3047,64362.28
3048,9640.0
3049,57575.63
3050,2190.23
3051,47150.08
3052,57014.11
3053,6233.6
3054,54382.02
3055,50533.39
3056,3451.53
3057,8382.05
3058,59339.36
3059,2397.9
3060,3995.7
3061,53142.33
3062,5012.95
3063,2786.81
3064,11774.11
3065,6159.28
3066,35346.05
3067,4504.0
3068,2283.26
3069,6243.39
3070,10217.2
3071,6808.94
3072,53824.35
3073,6644.28
3074,3059.05
3075,5442.66
3076,45081.57
3077,10530.42
3078,4176.69
3079,2342.07
3080,3270.35
3081,42191.54
3082,13671.51
3083,12425.24
3084,8080.06
3085,11898.84
3086,10541.2
3087,10264.02
3088,4648.95
3089,4860.12
3090,7690.02
3091,3444.12
3092,6935.38
3093,6078.23
3094,5885.26
3095,4291.85
3096,6398.84
3097,5670.98
3098,54081.56
3099,7958.91
3100,6032.47
3101,57201.59
3102,34765.38
3103,5658.49
3104,8594.27
3105,7675.42
3106,18788.08
3107,57143.33
3108,47944.03
3109,5985.42
3110,62279.96
3111,47795.09
3112,5675.58
3113,5763.53
3114,2545.93
3115,48926.11
3116,3220.68
3117,12786.68
3118,4047.37
3119,7591.51
3120,59812.72
3121,65010.85333333333
3122,51873.65
3123,3158.22
3124,64585.65
3125,33119.09
3126,4431.74
3127,6711.2
3128,57541.79
3129,51380.41
3130,2237.08
3131,6326.64
3132,13130.48
3133,4244.31
3134,2447.29
3135,6307.23
3136,65238.77
3137,58761.94
3138,7229.55
3139,5577.52
3140,50265.51
3141,4501.9
3142,46523.61
3143,48933.3
3144,4858.54
3145,11510.4
3146,48031.96
3147,2893.93
3148,4469.83
3149,7179.72
3150,1953.26
3151,62037.72
3152,6727.47
3153,13485.85
3154,50250.97
3155,7098.16
3156,5333.75
3157,3893.41
3158,6824.37
3159,5491.93
3160,11059.59
3161,4114.66
3162,37385.15
3163,85811.7
3164,7307.28
3165,13911.65
3166,6087.53
3167,1951.36
3168,45047.82
3169,5834.34
3170,6313.27
3171,4936.68
3172,13650.26
3173,11199.4
3174,5532.45
3175,6050.88
3176,6412.5
3177,4808.1
3178,3737.65
3179,8938.12
3180,8430.66
3181,62024.84
3182,60064.05
3183,13034.08
3184,2430.13
3185,3910.08
3186,4540.03
3187,4550.03
3188,7949.37
3189,3052.9
3190,5847.07
3191,51361.85
3192,60739.08
3193,41879.99
3194,60180.88
3195,53216.84
3196,6614.64
3197,5687.69
3198,45829.72
3199,73796.97
3200,62127.31
3201,10245.58
3202,5907.66
3203,7861.49
3204,13056.03
3205,34942.35
3206,6045.93
3207,69154.4
3208,4818.85
3209,79013.0
3210,6521.6
3211,5797.15
3212,3968.92
3213,5033.95
3214,5736.58
3215,54608.0
3216,4354.78
3217,26109.6
3218,6240.89
3219,4859.1
3220,41310.71
3221,51768.96
3222,5250.47
3223,46630.9
3224,5844.2
3225,5667.77
3226,56136.0
3227,5306.43
3228,4117.74
3229,4947.08
3230,8104.26
3231,8419.78
3232,5774.34
3233,6942.39
3234,5141.38
3235,13930.61
3236,2605.79
3237,4338.01
3238,5986.71
3239,1832.52
3240,5079.43
3241,3611.07
3242,6035.3
3243,5000.74
3244,60566.24
3245,44646.01
3246,54646.96
3247,57227.58
3248,4993.61
3249,10112.55
3250,9850.43
3251,53515.07
3252,5635.35
3253,76386.28
3254,5625.63
3255,4633.64
3256,6258.63
3257,68011.1
3258,53283.47
3259,6070.98
3260,4779.23
3261,28555.64
3262,2658.65
3263,6255.21
3264,12732.21
3265,6974.8
3266,2937.83
3267,2925.65
3268,5317.93
3269,2373.42
3270,6970.16
3271,3517.33
3272,17576.38
3273,7173.21
3274,4448.0
3275,6039.26
3276,22228.9
3277,2895.54
3278,57812.93
3279,51326.9
3280,5164.57
3281,6053.7
3282,6026.35
3283,5924.54
3284,4453.51
3285,5573.59
3286,5493.13
3287,12515.36
3288,4612.41
3289,13196.51
3290,8959.03
3291,52323.83
3292,8920.96
3293,10747.44
3294,60757.8
3295,60323.32
3296,53627.41
3297,4868.84
3298,8150.85
3299,4821.82
3300,3696.97
3301,13063.07
3302,6911.86
3303,51158.84
3304,4532.19
3305,5467.13
3306,4972.38
3307,6122.04
3308,49574.66
3309,4553.14
3310,41588.19
3311,5279.74
3312,40364.53
3313,13519.78
3314,5138.18
3315,4762.31
3316,28151.55
3317,6372.82
3318,10366.92
3319,56247.5
3320,5821.99
3321,2716.36
3322,5167.79
3323,4748.34
3324,3513.83
3325,7733.98
3326,3209.23
3327,43712.53
3328,13512.59
3329,4375.91
3330,6206.34
3331,12238.68
3332,2993.3
3333,6182.95
3334,7735.49
3335,54428.86
3336,56636.18
3337,14073.45
3338,4043.19
3339,60382.13
3340,5555.45
3341,9228.48
3342,4476.74
3343,2140.82
3344,2761.35
3345,42396.78
3346,58581.09
3347,12205.19
3348,4228.87
3349,66839.61
3350,53350.59
3351,3718.37
3352,6454.8
3353,5827.82
3354,5383.52
3355,10806.73
3356,7265.0
3357,6335.2
3358,12484.26
3359,2918.04
3360,57683.26
3361,70443.83
3362,4515.27
3363,10567.3
3364,2576.67
3365,5480.51
3366,9168.31
3367,8247.84
3368,12758.32
3369,5557.52
3370,8356.6
3371,3808.08
3372,1919.65
3373,34026.92
3374,8114.15
3375,54299.68
3376,42629.26
3377,10706.71
3378,4709.28
3379,54948.4
3380,51968.54
3381,6367.22
3382,2621.16
3383,9898.52
3384,2592.17
3385,3095.46
3386,65133.09
3387,5904.04
3388,13598.9
3389,9396.72
3390,4606.01
3391,56156.75
3392,36562.85
3393,43928.93
3394,61389.95
3395,55658.69
3396,58405.12
3397,3435.46
3398,4547.16
3399,50291.79
3400,6011.08
3401,60255.71
3402,57726.52
3403,9892.44
3404,16124.4
3405,18651.54
3406,5625.39
3407,13423.97
3408,5404.77
3409,7467.12
3410,55940.7
3411,4529.62
3412,8687.16
3413,2346.39
3414,2329.57
3415,43235.17
3416,8645.63
3417,54500.95
3418,70798.72
3419,6118.87
3420,5915.16
3421,4627.67
3422,13679.34
3423,4313.89
3424,10432.43
3425,53578.6
3426,24220.26
3427,19469.2
3428,49246.12
3429,6366.73
3430,45962.79
3431,4635.28
3432,5372.84
3433,4068.34
3434,5757.12
3435,5260.56
3436,12847.33
3437,60590.94
3438,11961.05
3439,5072.36
3440,4914.47
3441,6115.86
3442,10524.11
3443,54528.39
3444,5310.89
3445,7082.87
3446,47164.64
3447,6214.3
3448,6495.4
3449,56180.02
3450,5148.49
3451,5017.44
3452,3744.76
3453,56365.27
3454,3399.7
3455,12912.2
3456,54202.78
3457,55188.67
3458,13108.03
3459,60617.64
3460,51102.7
3461,2799.1
3462,5864.82
3463,2653.13
3464,5475.68
3465,60253.55
3466,4531.34
3467,4634.01
3468,48775.26
3469,61885.86
3470,2130.56
3471,45920.75
3472,68578.51
3473,56788.2
3474,54157.83
3475,22326.96
3476,18109.79
3477,3340.93
3478,12636.97
3479,60534.15
3480,4188.57
3481,5310.31
3482,43032.32
3483,42371.57
3484,27976.0
3485,59695.36
3486,6088.64
3487,11977.55
3488,18041.18
3489,5518.25
3490,40012.17
3491,7336.94
3492,11490.55
3493,32233.2
3494,3148.61
3495,8915.3
3496,12595.26
3497,7571.93
3498,6985.57
3499,5776.34
3500,5174.37
3501,14087.08
3502,59566.97
3503,46573.81
3504,14222.9
3505,58344.63
3506,15313.42
3507,5219.24
3508,5876.42
3509,3305.44
3510,60455.16
3511,3479.29
3512,58865.41
3513,4475.76
3514,51959.83
3515,9564.83
3516,2829.64
3517,12689.23
3518,11695.59
3519,6477.33
3520,6116.45
3521,14188.47
3522,6176.38
3523,5329.725
3524,4783.54
3525,5450.78
3526,6703.53
3527,52835.27
3528,5520.73
3529,5384.19
3530,5661.53
3531,4246.59
3532,8972.24
3533,8062.46
3534,2831.67
3535,41693.85
3536,42576.86
3537,4562.95
3538,6971.74
3539,6119.41
3540,4968.4
3541,3401.99
3542,2000.37
3543,7650.07
3544,2355.64
3545,4084.52
3546,3272.77
3547,5587.06
3548,32095.39
3549,55716.29
3550,49452.85
3551,5852.47
3552,5325.72
3553,4268.59
3554,49576.59
3555,60421.09
3556,4399.26
3557,4663.91
3558,5396.03
3559,10191.44
3560,60850.25
3561,56475.67
3562,6889.09
3563,8918.57
3564,3144.33
3565,13559.69
3566,2787.96
3567,6663.04
3568,4618.97
3569,2581.13
3570,58461.69
3571,2467.62
3572,3079.1
3573,5491.95
3574,11082.54
3575,64512.56
3576,55582.19
3577,14289.01
3578,3920.81
3579,5306.94
3580,52054.92
3581,53645.74
3582,73823.46
3583,22453.96
3584,36501.84
3585,53502.44
3586,4175.64
3587,5561.88
3588,53712.81
3589,54608.0
3590,13626.48
3591,5398.22
3592,54116.6
3593,11424.79
3594,10673.23
3595,7412.37
3596,11163.38
3597,57137.92
3598,7510.33
3599,50907.85
3600,2893.01
3601,3952.5
3602,6972.19
3603,11517.46
3604,7972.4
3605,47901.26
3606,7988.92
3607,44524.95
3608,51696.46
3609,5019.5
3610,5943.26
3611,64711.61
3612,13074.33
3613,4790.23
3614,65634.6
3615,5219.06
3616,11211.99
3617,4024.06
3618,12559.48
3619,6225.49
3620,4808.23
3621,11634.43
3622,49778.15
3623,4603.58
3624,11565.49
3625,60137.55
3626,25099.99
3627,11378.14
3628,8328.12
3629,7067.15
3630,3758.35
3631,5453.04
3632,9745.61
3633,10207.95
3634,8850.75
3635,62857.0
3636,10874.46
3637,1835.29
3638,3520.03
3639,4579.28
3640,3724.22
3641,3454.92
3642,5885.81
3643,60894.61
3644,5366.25
3645,3408.14
3646,5449.98
3647,6570.35
3648,39335.16
3649,55219.42
3650,4392.9
3651,7382.15
3652,54009.06
3653,6397.41
3654,5308.43
3655,11116.46
3656,5633.5
3657,3389.85
3658,49309.99
3659,3814.887
3660,3891.35
3661,57151.07
3662,1800.83
3663,59606.92
3664,6198.96
3665,4737.36
3666,41880.23
3667,8866.78
3668,12162.455
3669,4823.29
3670,13473.61
3671,3529.93
3672,49876.86
3673,51942.68
3674,2689.12
3675,12337.33
3676,6642.76
3677,3430.34
3678,7492.75
3679,3728.98
3680,3791.11
3681,65136.03
3682,60308.96333333334
3683,7139.32
3684,43175.11
3685,58365.86
3686,3560.23
3687,4116.69
3688,41333.79
3689,58810.44
3690,4450.74
3691,5585.18
3692,6306.38
3693,9075.27
3694,72357.14
3695,6198.89
3696,3627.35
3697,4615.56
3698,66803.55
3699,57161.72
3700,2290.46
3701,16467.4145
3702,6115.57
3703,2020.3
3704,6121.08
3705,5906.24
3706,15082.99
3707,7869.12
3708,4541.96
3709,7128.01
3710,34017.66
3711,54205.46
3712,52216.18
3713,13759.81
3714,2754.89
3715,10186.22
3716,5041.32
3717,9974.46
3718,11948.72
3719,3829.39
3720,26242.03
3721,3970.09
3722,4123.75
3723,6329.82
3724,4598.98
3725,61872.52
3726,62129.0
3727,5171.26
3728,55659.04
3729,12210.84
3730,6627.48
3731,6932.74
3732,2350.82
3733,3953.36
3734,5072.52
3735,51412.21
3736,3907.34
3737,12894.79
3738,10643.04
3739,5986.36
3740,54608.0
3741,58919.17
3742,7674.06
3743,6477.33
3744,32827.54
3745,52998.72
3746,9481.67
3747,73387.82
3748,8649.53
3749,7204.46
3750,6842.44
3751,5749.09
3752,50503.43
3753,7346.21
3754,63813.48
3755,4803.95
3756,32096.17
3757,6420.65
3758,8360.42
3759,6611.88
3760,9392.21
3761,4776.25
3762,1789.03
3763,69691.69
3764,49268.64
3765,4138.57
3766,3963.89
3767,2248.69
3768,50757.67
3769,53213.28
3770,4837.59
3771,6999.84
3772,3021.75
3773,6887.07
3774,8930.05
3775,3412.2
3776,7820.95
3777,6295.07
3778,5398.05
3779,5605.08
3780,42786.47
3781,5497.24
3782,12746.48
3783,48836.28
3784,10759.83
3785,16068.91
3786,54684.0
3787,55216.68
3788,66379.49
3789,13630.47
3790,3500.5
3791,4028.06
3792,56011.2
3793,12663.64
3794,39409.99
3795,5117.34
3796,5592.21
3797,15009.77
3798,43346.92
3799,23023.76
3800,5388.77
3801,5838.53
3802,8271.92
3803,28202.86
3804,9893.96
3805,7660.59
3806,7144.66
3807,5813.76
3808,8421.93
3809,5205.76
3810,55983.0
3811,52980.66
3812,49556.02
3813,44623.33
3814,9689.41
3815,5113.96
3816,2617.48
3817,52430.74
3818,45211.77
3819,2238.59
3820,3953.32
3821,7455.21
3822,47158.39
3823,2446.04
3824,33911.98
3825,7193.81
3826,39619.96
3827,42388.62
3828,6880.63
3829,11212.69
3830,12213.93
3831,6169.57
3832,5704.95
3833,5543.09
3834,4791.26
3835,40463.74
3836,4486.17
3837,34099.08666666666
3838,48211.75
3839,8482.77
3840,2451.39
3841,51022.75
3842,63801.16
3843,5584.82
3844,29396.96
3845,58260.37
3846,4684.1
3847,45102.01
3848,7065.0
3849,7022.62
3850,3317.56
3851,3870.9
3852,6489.67
3853,45911.1
3854,6906.31
3855,4920.5
3856,54994.04
3857,5552.49
3858,6397.28
3859,15297.56
3860,5941.85
3861,10381.02
3862,3023.84
3863,49648.42
3864,3916.01
3865,45976.08
3866,28982.97
3867,8147.17
3868,4792.72
3869,24315.66
3870,3520.45
3871,50593.25
3872,4272.68
3873,7155.89
3874,32339.48
3875,6524.5
3876,6001.73
3877,8073.29
3878,6480.54
3879,12748.37
3880,49340.36
3881,9638.86
3882,6080.81
3883,7429.72
3884,6970.77
3885,58151.82
3886,5482.55
3887,27987.2
3888,11373.42
3889,2667.24
3890,4603.91
3891,6226.86
3892,4870.3
3893,6453.86
3894,10857.81
3895,45882.37
3896,1758.84
3897,6419.61
3898,2594.97
3899,4525.96
3900,6407.17
3901,11102.69
3902,5230.18
3903,55054.55
3904,49701.99
3905,55166.64
3906,4524.01
3907,48872.88
3908,57448.25
3909,59003.64
3910,5706.58
3911,4046.7
3912,4138.97
3913,5271.49
3914,5435.28
3915,13847.43
3916,6875.89
3917,6855.38
3918,60508.0
3919,8329.97
3920,69756.34
3921,52628.7
3922,32385.54
3923,5180.05
3924,7609.4
3925,60787.93
3926,5427.32
3927,2358.64
3928,7264.42
3929,5981.85
3930,4614.16
3931,5218.48
3932,5853.12
3933,3656.79
3934,5528.85
3935,4535.06
3936,2166.74
3937,6980.08
3938,6806.79
3939,6891.6
3940,6382.81
3941,6074.74
3942,6158.42
3943,50042.42
3944,57929.92
3945,2757.92
3946,11870.35
3947,7398.34
3948,56233.98
3949,5222.17
3950,7531.31
3951,3411.32
3952,6081.3
3953,9441.6
3954,7186.2
3955,1964.47
3956,48935.57
3957,11621.0
3958,5126.54
3959,7761.53
3960,5141.67
3961,55776.25
3962,6065.37
3963,5707.4
3964,55902.74
3965,5218.95
3966,4911.85
3967,12161.08
3968,5504.09
3969,5274.35
3970,55699.69
3971,3183.32
3972,3404.25
3973,6511.24
3974,6856.31
3975,6807.36
3976,40753.2
3977,42508.53
3978,49441.85
3979,6954.22
3980,55538.84
3981,49947.2
3982,10631.46
3983,43188.44
3984,3879.57
3985,5834.56
3986,32566.05
3987,51284.08
3988,9643.94
3989,28682.05
3990,7743.2
3991,4505.25
3992,2627.5
3993,5465.04
3994,3457.86
3995,3837.65
3996,5777.8
3997,55411.33
3998,7690.36
3999,4845.08
4000,60978.0
4001,50958.44
4002,66613.45
4003,6573.37
4004,9617.16
4005,4501.82
4006,3615.8
4007,12845.62
4008,7887.83
4009,4495.98
4010,7036.97
4011,6568.67
4012,65759.95
4013,4473.17
4014,56868.04
4015,9297.12
4016,6571.22
4017,4889.29
4018,31442.64
4019,5164.01
4020,56564.46
4021,4092.43
4022,56207.37
4023,6221.37
4024,6043.55
4025,71438.96
4026,9933.01
4027,7471.26
4028,45571.93
4029,51682.68
4030,55338.75
4031,12427.93
4032,53232.68
4033,2646.31
4034,3842.67
4035,48713.57
4036,3012.49
4037,10056.22
4038,53635.57
4039,5096.18
4040,7168.23
4041,4964.83
4042,4457.83
4043,3882.91
4044,16021.46
4045,5841.7
4046,7984.7
4047,4405.1
4048,6630.57
4049,4281.83
4050,5607.0
4051,23161.12
4052,52536.57
4053,39660.4
4054,3676.14
4055,10589.43
4056,7271.21
4057,2907.36
4058,4568.99
4059,36680.11
4060,7425.29
4061,8993.55
4062,74177.54
4063,5535.85
4064,4568.27
4065,46137.61
4066,8161.95
4067,2940.1
4068,5809.97
4069,2109.66
4070,11774.68
4071,56287.21
4072,57786.42
4073,2875.44
4074,4793.34
4075,12878.55
4076,11611.17
4077,9466.66
4078,54965.11
4079,4302.35
4080,6339.31
4081,12267.47
4082,10829.64
4083,3194.05
4084,4252.93
4085,60645.92
4086,3819.8
4087,11201.31
4088,6538.4
4089,77435.51
4090,6939.0
4091,6849.19
4092,8329.38
4093,7893.86
4094,5883.51
4095,4480.48
4096,42413.64
4097,5731.9
4098,55657.19
4099,54559.28
4100,46521.76
4101,3797.74
4102,3051.05
4103,5094.25
4104,7854.4
4105,71895.53
4106,62381.64
4107,12139.415
4108,9955.71
4109,46699.79
4110,5713.93
4111,88146.2
4112,6878.68
4113,6198.65
4114,14591.13
4115,6699.31
4116,6891.5
4117,62121.75
4118,13135.23
4119,38340.71
4120,5724.26
4121,54889.32
4122,13767.1
4123,51820.49
4124,4161.16
4125,4153.8
4126,4532.14
4127,59278.73
4128,2140.85
4129,9271.62
4130,64366.76
4131,6656.18
4132,47301.42
4133,56080.57
4134,46208.49
4135,4578.89
4136,2513.96
4137,64882.24
4138,54783.68
4139,3796.15
4140,55983.0
4141,5264.69
4142,9065.67
4143,60146.04
4144,7294.74
4145,11123.55
4146,10870.18
4147,4777.27
4148,7454.49
4149,5082.21
4150,4345.68
4151,4883.3
4152,54699.18
4153,4383.45
4154,2945.26
4155,1971.77
4156,8071.97
4157,5497.87
4158,4417.91
4159,7815.34
4160,8419.45
4161,5988.23
4162,4481.41
4163,67070.62
4164,12421.66
4165,7271.06
4166,52487.94
4167,2500.53
4168,4619.17
4169,2403.87
4170,11035.4
4171,5202.4
4172,78290.28
4173,11408.14
4174,6241.66
4175,5326.63
4176,51397.73
4177,64832.68
4178,7335.41
4179,3594.16
4180,11090.56
4181,41498.0
4182,57598.01
4183,6412.37
4184,44376.94
4185,61219.72
4186,4283.91
4187,9436.3
4188,5836.262857142857
4189,4141.72
4190,58428.47
4191,52153.57
4192,3655.36
4193,55188.42
4194,47244.97
4195,55767.25
4196,4638.78
4197,7057.69
4198,2462.04
4199,57928.12
4200,2727.96
4201,50382.23
4202,22189.66
4203,5733.84
4204,5991.98
4205,5639.93
4206,5144.91
4207,34292.55
4208,4873.41
4209,12748.375
4210,37472.38
4211,4349.87
4212,8386.13
4213,9799.02
4214,5016.56
4215,6427.6
4216,48759.53
4217,10530.56
4218,6889.05
4219,5698.15
4220,13627.57
4221,4952.08
4222,4041.08
4223,68486.92
4224,5275.07
4225,7716.72
4226,45921.69
4227,57280.42
4228,3211.86
4229,46263.89
4230,5359.69
4231,55053.6
4232,4715.38
4233,5190.23
4234,11557.68
4235,50068.66
4236,6537.77
4237,10496.81
4238,5908.04
4239,53669.58
4240,12323.59
4241,9523.38
4242,3769.84
4243,4691.95
4244,6042.09
4245,5998.84
4246,3431.28
4247,6697.77
4248,5818.39
4249,2711.24
4250,57354.15
4251,10943.78
4252,7177.32
4253,3800.46
4254,43963.2
4255,2845.37
4256,4184.14
4257,4182.43
4258,6282.08
4259,70058.85
4260,61430.27
4261,2316.17
4262,4523.08
4263,47498.5
4264,3771.35
4265,5410.91
4266,6139.95
4267,49242.4
4268,38172.17
4269,68827.22
4270,9384.18
4271,21815.58
4272,5298.21
4273,2612.09
4274,4396.76
4275,6244.23
4276,5331.31
4277,4094.93
4278,11885.97
4279,50428.54
4280,5755.88
4281,5954.96
4282,6285.7
4283,10913.12
4284,66055.98
4285,6339.31
4286,1518.43
4287,9299.0
4288,42547.07
4289,53464.67
4290,12018.28
4291,8071.03
4292,5028.67
4293,33637.95
4294,5739.89
4295,6061.83
4296,49924.81
4297,17246.95
4298,41085.22
4299,57386.5
4300,50071.09
4301,62360.34
4302,5659.39
4303,17028.57
4304,56142.6
4305,6471.35
4306,84313.19
4307,5962.59
4308,3157.92
4309,55749.68
4310,42979.11
4311,51112.56
4312,29609.63
4313,51776.22
4314,6070.73
4315,55201.68
4316,6033.16
4317,63252.04
4318,48804.66
4319,4254.04
4320,5049.72
4321,7391.87
4322,17767.21
4323,12944.06
4324,63795.56
4325,6652.73
4326,5435.81
4327,6071.61
4328,50273.22
4329,69821.81
4330,5514.91
4331,10696.66
4332,7521.35
4333,48208.55
4334,8416.11
4335,2851.31
4336,78886.64
4337,4068.27
4338,2447.14
4339,58349.07
4340,6462.47
4341,45365.91
4342,4865.51
4343,55359.85
4344,59360.83
4345,5035.02
4346,6252.24
4347,7100.48
4348,3578.15
4349,12650.93
4350,59588.43
4351,6018.47
4352,4525.96
4353,70939.3
4354,4269.56
4355,9521.03
4356,47284.68
4357,49666.41
4358,4170.12
4359,13717.91
4360,4563.69
4361,49351.64
4362,44523.89
4363,4503.37
4364,40228.86
4365,70055.61
4366,61819.31
4367,36384.98
4368,5333.77
4369,49402.74
4370,1589.52
4371,7280.54
4372,61048.05
4373,5753.63
4374,7973.87
4375,56927.0
4376,4689.73
4377,11123.835
4378,33057.97
4379,64819.1
4380,3662.81
4381,54782.02
4382,6582.14
4383,1758.7
4384,62765.89
4385,4227.84
4386,6573.69
4387,4498.12
4388,7147.46
4389,4248.34
4390,11388.12
4391,3898.04
4392,4967.53
4393,6935.22
4394,6869.13
4395,4792.81
4396,58660.42
4397,47902.21
4398,38613.57
4399,68705.44
4400,5261.54
4401,17100.7
4402,57778.99
4403,5543.04
4404,7018.88
4405,1719.54
4406,49590.21
4407,57952.09
4408,5989.44
4409,4607.08
4410,6629.63
4411,5016.16
4412,5011.4
4413,45519.89
4414,4078.16
4415,6224.48
4416,6516.84
4417,56125.37
4418,6104.73
4419,57397.71
4420,52765.36
4421,6267.7
4422,60754.05
4423,6946.76
4424,5070.03
4425,6503.28
4426,52911.86
4427,2319.82
4428,6695.0
4429,6769.01
4430,55681.08
4431,10412.3
4432,10458.36
4433,6767.7
4434,51357.35
4435,35993.76
4436,3379.83
4437,3011.37
4438,5060.52
4439,7100.675
4440,6851.55
4441,6932.36
4442,19656.43
4443,17298.0
4444,3862.31
4445,54889.62
4446,4475.5
4447,11851.56
4448,3662.53
4449,4074.3
4450,47799.88
4451,5075.53
4452,9932.6
4453,4987.19
4454,11409.66
4455,6595.16
4456,3189.53
4457,5469.14
4458,39636.8
4459,7888.32
4460,6085.62
4461,11306.72
4462,5457.29
4463,6665.95
4464,5709.9
4465,5614.95
4466,10367.43
4467,52739.99
4468,33187.473333333335
4469,9410.47
4470,3154.04
4471,45465.34
4472,7245.78
4473,5024.81
4474,4807.67
4475,53092.93
4476,8821.78
4477,73122.72
4478,4732.29
4479,3472.66
4480,5083.84
4481,60724.67
4482,5114.26
4483,2543.94
4484,32744.74
4485,50319.7
4486,5076.8
4487,10424.21
4488,2988.19
4489,3433.89
4490,56160.13
4491,48515.68
4492,55539.62
4493,7888.35
4494,55128.27
4495,7170.6
4496,48034.58
4497,70264.55
4498,22139.94
4499,59203.99
4500,58632.19
4501,8605.36
4502,6754.95
4503,9153.83
4504,3945.0
4505,10851.66
4506,42244.1
4507,7226.5
4508,5616.35
4509,57231.87
4510,51671.25
4511,3809.64
4512,5229.25
4513,6336.49
4514,5457.35
4515,33055.97
4516,5768.3
4517,62438.12
4518,4929.97
4519,6381.21
4520,6059.88
4521,14504.45
4522,6370.05
4523,5691.09
4524,11238.13
4525,6453.04
4526,5066.61
4527,5439.98
4528,15121.71
4529,4502.545
4530,2210.98
4531,4397.29
4532,11755.18
4533,56713.94
4534,6229.69
4535,56936.22
4536,56354.61
4537,4480.06
4538,4231.37
4539,5383.68
4540,6337.92
4541,6299.6
4542,10992.63
4543,52347.72
4544,27759.46
4545,6355.56
4546,46650.26
4547,54608.0
4548,68299.08
4549,5042.58
4550,5156.07
4551,3761.1
4552,6226.52
4553,12445.01
4554,24526.06
4555,10464.0
4556,50421.23
4557,12589.48
4558,12701.66
4559,40282.32
4560,67994.24
4561,7380.85
4562,4480.53
4563,4997.3
4564,3836.89
4565,40703.9
4566,5881.93
4567,11193.81
4568,4419.44
4569,4466.29
4570,4936.51
4571,6664.66
4572,5935.47
4573,6679.9794999999995
4574,2553.76
4575,6517.68
4576,5195.96
4577,6145.32
4578,5826.07
4579,1829.81
4580,7859.46
4581,5061.32
4582,52496.52
4583,4075.8
4584,55499.78
4585,3324.81
4586,3226.88
4587,10789.63
4588,52989.0
4589,4432.49
4590,49571.07
4591,10713.32
4592,11497.38
4593,2877.32
4594,35932.35
4595,3899.3
4596,5757.49
4597,7711.24
4598,4443.72
4599,2773.05
4600,6457.57
4601,47097.63
4602,17330.44
4603,56071.0
4604,10227.96
4605,46500.82
4606,7308.91
4607,3612.76
4608,6845.11
4609,3910.32
4610,6927.45
4611,52511.22
4612,67287.68
4613,4044.34
4614,1943.59
4615,56862.5
4616,2422.01
4617,2869.64
4618,5008.48
4619,48785.46
4620,2612.36
4621,11017.18
4622,3181.88
4623,2399.1
4624,7925.09
4625,12147.1
4626,9740.45
4627,35743.19
4628,3176.4
4629,6348.07
4630,11007.71
4631,5516.15
4632,9221.27
4633,67621.45
4634,58423.05
4635,7795.97
4636,55258.34
4637,10681.5
4638,12090.33
4639,36953.75
4640,4036.05
4641,5421.26
4642,8036.64
4643,50081.07
4644,10544.04
4645,3739.94
4646,10270.1
4647,52287.0
4648,2815.21
4649,75951.61
4650,50100.36
4651,12813.35
4652,4199.43
4653,12668.01
4654,46272.91
4655,11866.34
4656,59042.16
4657,61294.24
4658,11753.86
4659,4826.76
4660,60946.53
4661,5408.28
4662,63798.58
4663,13351.13
4664,64717.54
4665,57429.57
4666,4722.32
4667,6274.48
4668,16894.93
4669,4835.6
4670,12058.89
4671,61970.28
4672,11214.39
4673,53024.29
4674,5907.78
4675,54357.55
4676,4187.72
4677,55921.01
4678,42764.92
4679,68993.21
4680,6599.19
4681,5087.72
4682,23331.36
4683,15940.5
4684,55968.07
4685,50393.66
4686,6597.7
4687,44497.8
4688,6322.92
4689,61298.71
4690,9747.93
4691,14219.14
4692,5800.07
4693,54642.93
4694,6600.47
4695,58587.81
4696,6457.44
4697,51426.47
4698,22574.08
4699,35066.85
4700,60132.15333333334
4701,6803.14
4702,6253.94
4703,4553.99
4704,13097.7
4705,5037.73
4706,6155.82
4707,5288.46
4708,2172.53
4709,53938.22
4710,2752.7
4711,9772.9
4712,6897.05
4713,13602.68
4714,6005.99
4715,50668.62
4716,6326.82
4717,5368.36
4718,28256.15
4719,33368.29
4720,53880.55
4721,39951.9
4722,17015.83
4723,33422.39
4724,34564.14
4725,5727.46
4726,5574.58
4727,6446.77
4728,46310.4
4729,4852.4
4730,52946.83
4731,8653.18
4732,70003.78
4733,52011.7
4734,5733.91
4735,54317.77
4736,5514.19
4737,5961.38
4738,46675.44
4739,4763.47
4740,7317.29
4741,52855.34
4742,2700.53
4743,2221.52
4744,4972.2
4745,9881.66
4746,4767.87
4747,48808.0
4748,53490.99
4749,44418.94
4750,10475.79
4751,67865.41321428573
4752,9573.76
4753,9460.92
4754,67948.52
4755,8429.85
4756,4407.38
4757,6980.7
4758,7560.69
4759,2587.99
4760,68025.69
4761,5739.62
4762,44382.47
4763,6960.52
4764,4731.21
4765,10582.71
4766,52549.69
4767,63385.32
4768,60654.26
4769,8676.61
4770,16925.16
4771,4499.03
4772,2817.09
4773,9677.48
4774,49789.99
4775,4943.61
4776,5084.0
4777,50007.02
4778,71593.76
4779,47347.99
4780,3884.85
4781,49016.59
4782,5650.4
4783,48018.87
4784,42758.4
4785,33085.65
4786,4996.64
4787,4771.19
4788,49336.22
4789,6104.443
4790,47116.18
4791,55064.78
4792,7964.62
4793,48184.06
4794,6193.41
4795,85874.84
4796,28874.54
4797,45347.76
4798,8502.13
4799,5129.16
4800,4995.8
4801,2969.91
4802,4620.64
4803,6380.07
4804,5229.29
4805,40004.4
4806,5464.56
4807,4874.41
4808,3139.45
4809,3622.77
4810,5571.7
4811,6415.73
4812,52353.84
4813,6142.89
4814,2830.83
4815,16082.13
4816,7287.13
4817,2915.26
4818,3906.58
4819,4058.05
4820,2767.13
4821,42627.76
4822,62741.05
4823,4881.74
4824,10901.15
4825,5455.61
4826,50432.04
4827,7441.76
4828,5727.16
4829,6028.06
4830,5638.23
4831,6955.7
4832,5825.8
4833,44875.73
4834,5975.05
4835,5834.27
4836,22996.18
4837,55327.86
4838,5479.85
4839,6340.37
4840,63321.37
4841,51171.06
4842,5471.53
4843,49900.06
4844,16932.29
4845,57414.63
4846,5265.65
4847,10567.02
4848,3049.61
4849,43420.98
4850,3068.09
4851,2760.09
4852,6865.73
4853,12282.94
4854,16522.69
4855,4294.05
4856,4220.73
4857,6310.66
4858,5559.13
4859,5370.65
4860,53168.94
4861,7435.29
4862,5873.78
4863,8062.11
4864,47340.34
4865,4834.82
4866,5017.27
4867,2799.56
4868,4582.61
4869,5747.83
4870,6706.47
4871,54568.71
4872,6389.26
4873,10247.51
4874,50089.21
4875,54519.44
4876,7289.14
4877,5745.99
4878,2609.59
4879,42334.83
4880,7862.51
4881,14012.42
4882,42691.63
4883,10384.04
4884,56581.09
4885,60312.68
4886,3380.15
4887,2310.79
4888,8456.35
4889,3734.06
4890,1778.58
4891,56286.33
4892,5927.49
4893,14616.45
4894,7939.15
4895,6624.09
4896,6584.79
4897,12367.3
4898,3376.22
4899,42751.88
4900,4743.3
4901,5459.4
4902,9296.1
4903,7196.12
4904,32547.68
4905,4861.06
4906,65324.0
4907,5550.75
4908,63052.96
4909,2230.9
4910,4898.7
4911,5211.93
4912,6139.92
4913,8237.31
4914,6184.23
4915,55349.34
4916,2605.73
4917,48317.78
4918,50699.4
4919,7806.42
4920,2611.34
4921,70617.17
4922,6149.64
4923,73629.13
4924,6692.79
4925,6215.8
4926,37457.96
4927,12031.12
4928,5136.47
4929,6487.85
4930,55966.0
4931,50298.31
4932,6560.01
4933,4643.2
4934,12549.01
4935,7843.12
4936,5305.61
4937,6635.5
4938,5650.97
4939,46775.6
4940,6543.43
4941,4495.43
4942,5937.6
4943,5823.83
4944,45750.99
4945,51780.44
4946,4958.8
4947,32778.43
4948,7145.2
4949,5011.14
4950,4196.22
4951,37986.14
4952,4726.64
4953,48190.72
4954,3141.27
4955,3939.84
4956,5439.28
4957,4300.76
4958,4526.04
4959,6315.16
4960,4492.99
4961,6183.34
4962,12465.32
4963,5135.72
4964,11877.24
4965,4331.32
4966,56407.37
4967,64586.44
4968,4001.29
4969,2938.61
4970,12696.7
4971,4690.1
4972,4249.52
4973,13626.55
4974,7801.66
4975,8121.89
4976,60954.8
4977,6117.28
4978,3746.05
4979,5004.88
4980,55526.45
4981,4449.81
4982,3895.86
4983,13143.05
4984,3733.23
4985,6274.71
4986,5733.32
4987,3754.39
4988,5777.18
4989,49490.3
4990,27918.25
4991,19731.38
4992,54684.0
4993,7533.22
4994,11732.22
4995,6153.75
4996,60960.02
4997,4530.97
4998,50280.89
4999,47837.8
5000,66329.56
